id;no_avs;date_naissance;nom;prenom;adresse;npa_localite;telephone;email;numero_assure
1;Steel Graphical User Interface;2020-12-20;Quality Architect;Cambridgeshire groupware;Sleek Seychelles Rupee;Central African Republic Texas;262-540-6479;Clemens72@gmail.com;Money Market Account Tugrik FTP
2;Texas;2020-12-19;withdrawal Credit Card Account;Generic;Louisiana port;methodical Cambridgeshire;1-372-235-1913 x566;Jefferey31@yahoo.com;wireless
3;Coordinator;2020-12-19;Keyboard transparent regional;Orchestrator;Sleek Concrete Shirt;Refined 1080p;503.959.2721;Aniya.Dooley@gmail.com;Future
4;navigating Synchronised Fantastic Fresh Table;2020-12-20;human-resource Associate;high-level turn-key deposit;Implemented Avon;Open-architected;483-821-7270 x0270;Ena32@gmail.com;Handcrafted
5;Maryland invoice HDD;2020-12-20;e-tailers impactful Checking Account;Granite Usability;Investor;Global models JSON;872.230.6434 x37400;Alvena.Fay@hotmail.com;implementation front-end Exclusive
6;cross-media;2020-12-20;Small synthesize composite;Gorgeous;harness Norwegian Krone systems;gold;234-939-0070 x3064;Matt78@gmail.com;Divide
7;Kentucky;2020-12-19;Intelligent;Senegal portals;Savings Account Generic;quantifying;590-416-0282 x23772;Mateo_Beatty53@yahoo.com;Awesome service-desk
8;Licensed Pre-emptive Inlet;2020-12-19;Investment Account Soft Granite;Gorgeous Wooden Salad channels Czech Koruna;copy;Ergonomic Fresh Keyboard virtual systemic;302.404.5677;Deja.Braun21@yahoo.com;Garden
9;Hungary cross-platform Licensed Concrete Ball;2020-12-19;card;Home;Administrator green Kentucky;Face to face Canyon;725.223.4975 x756;Zion.Gorczany@yahoo.com;SMS Handmade
10;Dynamic Home Loan Account;2020-12-19;hierarchy HDD Incredible;Fantastic Cotton Soap;Health synergies Savings Account;purple Rupiah;171.476.1624;Anabel.Carter70@yahoo.com;upward-trending
