id;ide;prenom;nom;sexe;rue
1;Representative Stream Fish;Planner Specialist;Panama;M;withdrawal compressing Granite
2;optical;logistical Western Sahara invoice;Adaptive Chair Quality;M;Soft Research Diverse
3;parallelism International;invoice;Senior payment;M;Michigan Sausages
4;Springs Assimilated;neutral Baby;Programmable Gourde US Dollar;M;Realigned ivory Internal
5;Frozen Sausages Indian Rupee;Automotive circuit;Keyboard copy applications;F;neural Germany Coordinator
6;haptic Algeria;Berkshire fresh-thinking Berkshire;innovate Money Market Account;M;Beauty Rubber sexy
7;dynamic Implementation Lithuania;Ergonomic Wooden Tuna scale;Garden Metal Refined Concrete Chair;F;relationships
8;synthesize Fantastic Chief;Texas;Handmade Burkina Faso;M;Belgium end-to-end applications
9;withdrawal;Texas Interactions Practical;Technician;F;implement cutting-edge
10;initiatives wireless invoice;Rubber open-source deposit;Rubber;F;Fish Credit Card Account Squares
